m,1,Mr;100,Prince;1
m,2,Mr;100,Prince;1
m,3,Mr;100,Prince;1
m,4,Mr;100,Prince;1
m,5,Mr;100,Prince;1
m,6,Mr;100,Prince;1
m,7,Mr;100,Prince;1
m,8,Mr;100,Prince;1
m,9,Mr;100,Prince;1
m,10,Mr;100,Prince;1
m,11,Mr;100,Prince;1
m,12,Mr;100,Prince;1
m,13,Mr;100,Prince;1
m,14,Mr;100,Prince;1
m,15,Mr;100,Prince;1
m,16,Mr;100,Prince;1
m,17,Mr;100,Prince;1,Sgt;1, Cpl;1,LCpl;1, Pte;1,Pte;1 
m,18,Mr;100,Prince;1,Sgt;1, Cpl;1,LCpl;1, Pte;1,Pte;1 
m,19,Mr;100,Prince;1,Sgt;1, Cpl;1,LCpl;1, Pte;1,Pte;1 
m,20,Mr;100,Prince;1,Dr;10,dr;10,Capt;1,Lt;1 ,2Lt;1,OCdt;1,hon;1
m,21,Mr;100,Prince;1,Dr;10,dr;10,Capt;1,Lt;1 ,2Lt;1,OCdt;1,hon;1
m,22,Mr;100,Prince;1,Dr;10,dr;10,Capt;1,Lt;1 ,2Lt;1,OCdt;1,hon;1
m,23,Mr;100,Prince;1,Dr;10,dr;10,Capt;1,Lt;1 ,2Lt;1,OCdt;1,hon;1
m,24,Mr;100,Prince;1,Dr;10,dr;10,Capt;1,Lt;1 ,2Lt;1,OCdt;1,hon;1
m,25,Mr;100,Prince;1,Dr;10,dr;10,Capt;1,Lt;1 ,2Lt;1,OCdt;1,hon;1
m,26,Mr;100,Prince;1,Dr;10,dr;10,Capt;1,Lt;1 ,2Lt;1,OCdt;1,hon;1
m,27,Mr;100,Prince;1,Dr;10,dr;10,Capt;1,Lt;1 ,2Lt;1,OCdt;1,hon;1
m,28,Mr;100,Prince;1,Dr;10,dr;10,Capt;1,Lt;1 ,2Lt;1,OCdt;1,hon;1
m,29,Mr;100,Prince;1,Dr;10,dr;10,Capt;1,Lt;1 ,2Lt;1,OCdt;1,hon;1
m,30,Mr;100,Prince;1,Dr;10,dr;10,Capt;1,Lt;1 ,2Lt;1,OCdt;1,hon;1
m,31,Mr;100,Prince;1,Dr;10,dr;10,Capt;1,Lt;1 ,2Lt;1,OCdt;1,hon;1
m,32,Mr;100,Prince;1,Dr;10,dr;10,Capt;1,Lt;1 ,2Lt;1,OCdt;1,hon;1
m,33,Mr;100,Prince;1,Dr;10,dr;10,Capt;1,Lt;1 ,2Lt;1,OCdt;1,hon;1
m,34,Mr;100,Prince;1,Dr;10,dr;10,Capt;1,Lt;1 ,2Lt;1,OCdt;1,hon;1
m,35,Mr;100,Prince;1,Dr;10,dr;10,Capt;1,Lt;1 ,2Lt;1,OCdt;1,hon;1
m,36,Mr;100,Prince;1,Dr;10,dr;10,Capt;1,Lt;1 ,2Lt;1,OCdt;1,hon;1
m,37,Mr;100,Prince;1,Dr;10,dr;10,Capt;1,Lt;1 ,2Lt;1,OCdt;1,hon;1
m,38,Mr;100,Prince;1,Dr;10,dr;10,Capt;1,Lt;1 ,2Lt;1,OCdt;1,hon;1
m,39,Mr;100,Prince;1,Dr;10,dr;10,Capt;1,Lt;1 ,2Lt;1,OCdt;1,hon;1
m,40,Mr;100,Prince;1,Dr;10,dr;10,Capt;1,Lt;1 ,2Lt;1,OCdt;1,hon;1
m,41,Mr;100,Prince;1,Dr;10,dr;10,Capt;1,Lt;1 ,2Lt;1,OCdt;1,hon;1
m,42,Mr;100,Prince;1,Dr;10,dr;10,Capt;1,Lt;1 ,2Lt;1,OCdt;1,hon;1
m,43,Mr;100,Prince;1,Dr;10,dr;10,Capt;1,Lt;1 ,2Lt;1,OCdt;1,hon;1
m,44,Mr;100,Prince;1,Dr;10,dr;10,Capt;1,Lt;1 ,2Lt;1,OCdt;1,hon;1
m,45,Mr;100,Prince;1,Dr;10,dr;10,Gen;1, Lt Gen;1,Maj Gen;1,Brig;1,Col;1,Lt Col;1,Maj;1,hon;1
m,46,Mr;100,Prince;1,Dr;10,dr;10,Gen;1, Lt Gen;1,Maj Gen;1,Brig;1,Col;1,Lt Col;1,Maj;1,hon;1
m,47,Mr;100,Prince;1,Dr;10,dr;10,Gen;1, Lt Gen;1,Maj Gen;1,Brig;1,Col;1,Lt Col;1,Maj;1,hon;1
m,48,Mr;100,Prince;1,Dr;10,dr;10,Gen;1, Lt Gen;1,Maj Gen;1,Brig;1,Col;1,Lt Col;1,Maj;1,hon;1
m,49,Mr;100,Prince;1,Dr;10,dr;10,Gen;1, Lt Gen;1,Maj Gen;1,Brig;1,Col;1,Lt Col;1,Maj;1,hon;1
m,50,Mr;100,Prince;1,Dr;10,dr;10,Gen;1, Lt Gen;1,Maj Gen;1,Brig;1,Col;1,Lt Col;1,Maj;1,hon;1
m,51,Mr;100,Prince;1,Dr;10,dr;10,Gen;1, Lt Gen;1,Maj Gen;1,Brig;1,Col;1,Lt Col;1,Maj;1,hon;1
m,52,Mr;100,Prince;1,Dr;10,dr;10,Gen;1, Lt Gen;1,Maj Gen;1,Brig;1,Col;1,Lt Col;1,Maj;1,hon;1
m,53,Mr;100,Prince;1,Dr;10,dr;10,Gen;1, Lt Gen;1,Maj Gen;1,Brig;1,Col;1,Lt Col;1,Maj;1,hon;1
m,54,Mr;100,Prince;1,Dr;10,dr;10,Gen;1, Lt Gen;1,Maj Gen;1,Brig;1,Col;1,Lt Col;1,Maj;1,hon;1
m,55,Mr;100,Prince;1,Dr;10,dr;10,Gen;1, Lt Gen;1,Maj Gen;1,Brig;1,Col;1,Lt Col;1,Maj;1,hon;1
m,56,Mr;100,Prince;1,Dr;10,dr;10,Gen;1, Lt Gen;1,Maj Gen;1,Brig;1,Col;1,Lt Col;1,Maj;1,hon;1
m,57,Mr;100,Prince;1,Dr;10,dr;10,Gen;1, Lt Gen;1,Maj Gen;1,Brig;1,Col;1,Lt Col;1,Maj;1,hon;1
m,58,Mr;100,Prince;1,Dr;10,dr;10,Gen;1, Lt Gen;1,Maj Gen;1,Brig;1,Col;1,Lt Col;1,Maj;1,hon;1
m,59,Mr;100,Prince;1,Dr;10,dr;10,Gen;1, Lt Gen;1,Maj Gen;1,Brig;1,Col;1,Lt Col;1,Maj;1,hon;1
m,60,Mr;100,Prince;1,Dr;10,dr;10,Gen;1, Lt Gen;1,Maj Gen;1,Brig;1,Col;1,Lt Col;1,Maj;1,hon;1
m,61,Mr;100,Prince;1,Dr;10,dr;10,Gen;1, Lt Gen;1,Maj Gen;1,Brig;1,Col;1,Lt Col;1,Maj;1,hon;1
m,62,Mr;100,Prince;1,Dr;10,dr;10,Gen;1, Lt Gen;1,Maj Gen;1,Brig;1,Col;1,Lt Col;1,Maj;1,hon;1
m,63,Mr;100,Prince;1,Dr;10,dr;10,Gen;1, Lt Gen;1,Maj Gen;1,Brig;1,Col;1,Lt Col;1,Maj;1,hon;1
m,64,Mr;100,Prince;1,Dr;10,dr;10,Gen;1, Lt Gen;1,Maj Gen;1,Brig;1,Col;1,Lt Col;1,Maj;1,hon;1
m,65,Mr;100,Prince;1,Dr;10,dr;10,Gen;1, Lt Gen;1,Maj Gen;1,Brig;1,Col;1,Lt Col;1,Maj;1,hon;1
m,66,Mr;100,Prince;1,Dr;10,dr;10,hon;1
m,67,Mr;100,Prince;1,Dr;10,dr;10,hon;1
m,68,Mr;100,Prince;1,Dr;10,dr;10,hon;1
m,69,Mr;100,Prince;1,Dr;10,dr;10,hon;1
m,70,Mr;100,Prince;1,Dr;10,dr;10,hon;1
m,71,Mr;100,Prince;1,Dr;10,dr;10,hon;1
m,72,Mr;100,Prince;1,Dr;10,dr;10,hon;1
m,73,Mr;100,Prince;1,Dr;10,dr;10,hon;1
m,74,Mr;100,Prince;1,Dr;10,dr;10,hon;1
m,75,Mr;100,Prince;1,Dr;10,dr;10,hon;1
m,76,Mr;100,Prince;1,Dr;10,dr;10,hon;1
m,77,Mr;100,Prince;1,Dr;10,dr;10,hon;1
m,78,Mr;100,Prince;1,Dr;10,dr;10,hon;1
m,79,Mr;100,Prince;1,Dr;10,dr;10,hon;1
m,80,Mr;100,Prince;1,Dr;10,dr;10,hon;1
m,81,Mr;100,Prince;1,Dr;10,dr;10,hon;1
m,82,Mr;100,Prince;1,Dr;10,dr;10,hon;1
m,83,Mr;100,Prince;1,Dr;10,dr;10,hon;1
m,84,Mr;100,Prince;1,Dr;10,dr;10,hon;1
m,85,Mr;100,Prince;1,Dr;10,dr;10,hon;1
m,86,Mr;100,Prince;1,Dr;10,dr;10,hon;1
m,87,Mr;100,Prince;1,Dr;10,dr;10,hon;1
m,88,Mr;100,Prince;1,Dr;10,dr;10,hon;1
m,89,Mr;100,Prince;1,Dr;10,dr;10,hon;1
m,90,Mr;100,Prince;1,Dr;10,dr;10,hon;1
m,91,Mr;100,Prince;1,Dr;10,dr;10,hon;1
m,92,Mr;100,Prince;1,Dr;10,dr;10,hon;1
m,93,Mr;100,Prince;1,Dr;10,dr;10,hon;1
m,94,Mr;100,Prince;1,Dr;10,dr;10,hon;1
m,95,Mr;100,Prince;1,Dr;10,dr;10,hon;1
m,96,Mr;100,Prince;1,Dr;10,dr;10,hon;1
m,97,Mr;100,Prince;1,Dr;10,dr;10,hon;1
m,98,Mr;100,Prince;1,Dr;10,dr;10,hon;1
m,99,Mr;100,Prince;1,Dr;10,dr;10,hon;1
m,100,Mr;100,Prince;1,Dr;10,dr;10,hon;1
m,101,Mr;100,Prince;1,Dr;10,dr;10,hon;1
m,102,Mr;100,Prince;1,Dr;10,dr;10,hon;1
m,103,Mr;100,Prince;1,Dr;10,dr;10,hon;1
m,104,Mr;100,Prince;1,Dr;10,dr;10,hon;1
m,105,Mr;100,Prince;1,Dr;10,dr;10,hon;1
m,106,Mr;100,Prince;1,Dr;10,dr;10,hon;1
m,107,Mr;100,Prince;1,Dr;10,dr;10,hon;1
m,108,Mr;100,Prince;1,Dr;10,dr;10,hon;1
m,109,Mr;100,Prince;1,Dr;10,dr;10,hon;1
m,110,Mr;100,Prince;1,Dr;10,dr;10,hon;1
m,111,Mr;100,Prince;1,Dr;10,dr;10,hon;1
m,112,Mr;100,Prince;1,Dr;10,dr;10,hon;1
m,113,Mr;100,Prince;1,Dr;10,dr;10,hon;1
m,114,Mr;100,Prince;1,Dr;10,dr;10,hon;1
m,115,Mr;100,Prince;1,Dr;10,dr;10,hon;1
m,116,Mr;100,Prince;1,Dr;10,dr;10,hon;1
m,117,Mr;100,Prince;1,Dr;10,dr;10,hon;1
m,118,Mr;100,Prince;1,Dr;10,dr;10,hon;1
m,119,Mr;100,Prince;1,Dr;10,dr;10,hon;1
m,120,Mr;100,Prince;1,Dr;10,dr;10,hon;1
m,121,Mr;100,Prince;1,Dr;10,dr;10,hon;1
m,122,Mr;100,Prince;1,Dr;10,dr;10,hon;1
m,123,Mr;100,Prince;1,Dr;10,dr;10,hon;1
m,124,Mr;100,Prince;1,Dr;10,dr;10,hon;1
m,125,Mr;100,Prince;1,Dr;10,dr;10,hon;1
f,1,Ms;100,Princess;1
f,2,Ms;100,Princess;1
f,3,Ms;100,Princess;1
f,4,Ms;100,Princess;1
f,5,Ms;100,Princess;1
f,6,Ms;100,Princess;1
f,7,Ms;100,Princess;1
f,8,Ms;100,Princess;1
f,9,Ms;100,Princess;1
f,10,Ms;100,Princess;1
f,11,Ms;100,Princess;1
f,12,Ms;100,Princess;1
f,13,Ms;100,Princess;1
f,14,Ms;100,Princess;1
f,15,Ms;100,Princess;1
f,16,Ms;100,Princess;1
f,17,Ms;100,Mrs;100,Princess;1,Sgt;1, Cpl;1,LCpl;1, Pte;1,Pte;1 
f,18,Ms;100,Mrs;100,Princess;1,Sgt;1, Cpl;1,LCpl;1, Pte;1,Pte;1 
f,19,Ms;100,Mrs;100,Princess;1,Sgt;1, Cpl;1,LCpl;1, Pte;1,Pte;1 
f,20,Ms;100,Mrs;100,Princess;1,Dr;10,dr;10,Capt;1,Lt;1 ,2Lt;1,OCdt;1,hon;1
f,21,Ms;100,Mrs;100,Princess;1,Dr;10,dr;10,Capt;1,Lt;1 ,2Lt;1,OCdt;1,hon;1
f,22,Ms;100,Mrs;100,Princess;1,Dr;10,dr;10,Capt;1,Lt;1 ,2Lt;1,OCdt;1,hon;1
f,23,Ms;100,Mrs;100,Princess;1,Dr;10,dr;10,Capt;1,Lt;1 ,2Lt;1,OCdt;1,hon;1
f,24,Ms;100,Mrs;100,Princess;1,Dr;10,dr;10,Capt;1,Lt;1 ,2Lt;1,OCdt;1,hon;1
f,25,Ms;100,Mrs;100,Princess;1,Dr;10,dr;10,Capt;1,Lt;1 ,2Lt;1,OCdt;1,hon;1
f,26,Ms;100,Mrs;100,Princess;1,Dr;10,dr;10,Capt;1,Lt;1 ,2Lt;1,OCdt;1,hon;1
f,27,Ms;100,Mrs;100,Princess;1,Dr;10,dr;10,Capt;1,Lt;1 ,2Lt;1,OCdt;1,hon;1
f,28,Ms;100,Mrs;100,Princess;1,Dr;10,dr;10,Capt;1,Lt;1 ,2Lt;1,OCdt;1,hon;1
f,29,Ms;100,Mrs;100,Princess;1,Dr;10,dr;10,Capt;1,Lt;1 ,2Lt;1,OCdt;1,hon;1
f,30,Ms;100,Mrs;100,Princess;1,Dr;10,dr;10,Capt;1,Lt;1 ,2Lt;1,OCdt;1,hon;1
f,31,Ms;100,Mrs;100,Princess;1,Dr;10,dr;10,Capt;1,Lt;1 ,2Lt;1,OCdt;1,hon;1
f,32,Ms;100,Mrs;100,Princess;1,Dr;10,dr;10,Capt;1,Lt;1 ,2Lt;1,OCdt;1,hon;1
f,33,Ms;100,Mrs;100,Princess;1,Dr;10,dr;10,Capt;1,Lt;1 ,2Lt;1,OCdt;1,hon;1
f,34,Ms;100,Mrs;100,Princess;1,Dr;10,dr;10,Capt;1,Lt;1 ,2Lt;1,OCdt;1,hon;1
f,35,Ms;100,Mrs;100,Princess;1,Dr;10,dr;10,Capt;1,Lt;1 ,2Lt;1,OCdt;1,hon;1
f,36,Ms;100,Mrs;100,Princess;1,Dr;10,dr;10,Capt;1,Lt;1 ,2Lt;1,OCdt;1,hon;1
f,37,Ms;100,Mrs;100,Princess;1,Dr;10,dr;10,Capt;1,Lt;1 ,2Lt;1,OCdt;1,hon;1
f,38,Ms;100,Mrs;100,Princess;1,Dr;10,dr;10,Capt;1,Lt;1 ,2Lt;1,OCdt;1,hon;1
f,39,Ms;100,Mrs;100,Princess;1,Dr;10,dr;10,Capt;1,Lt;1 ,2Lt;1,OCdt;1,hon;1
f,40,Ms;100,Mrs;100,Princess;1,Dr;10,dr;10,Capt;1,Lt;1 ,2Lt;1,OCdt;1,hon;1
f,41,Ms;100,Mrs;100,Princess;1,Dr;10,dr;10,Capt;1,Lt;1 ,2Lt;1,OCdt;1,hon;1
f,42,Ms;100,Mrs;100,Princess;1,Dr;10,dr;10,Capt;1,Lt;1 ,2Lt;1,OCdt;1,hon;1
f,43,Ms;100,Mrs;100,Princess;1,Dr;10,dr;10,Capt;1,Lt;1 ,2Lt;1,OCdt;1,hon;1
f,44,Ms;100,Mrs;100,Princess;1,Dr;10,dr;10,Capt;1,Lt;1 ,2Lt;1,OCdt;1,hon;1
f,45,Ms;100,Mrs;100,Princess;1,Dr;10,dr;10,Gen;1, Lt Gen;1,Maj Gen;1,Brig;1,Col;1,Lt Col;1,Maj;1,hon;1
f,46,Ms;100,Mrs;100,Princess;1,Dr;10,dr;10,Gen;1, Lt Gen;1,Maj Gen;1,Brig;1,Col;1,Lt Col;1,Maj;1,hon;1
f,47,Ms;100,Mrs;100,Princess;1,Dr;10,dr;10,Gen;1, Lt Gen;1,Maj Gen;1,Brig;1,Col;1,Lt Col;1,Maj;1,hon;1
f,48,Ms;100,Mrs;100,Princess;1,Dr;10,dr;10,Gen;1, Lt Gen;1,Maj Gen;1,Brig;1,Col;1,Lt Col;1,Maj;1,hon;1
f,49,Ms;100,Mrs;100,Princess;1,Dr;10,dr;10,Gen;1, Lt Gen;1,Maj Gen;1,Brig;1,Col;1,Lt Col;1,Maj;1,hon;1
f,50,Ms;100,Mrs;100,Princess;1,Dr;10,dr;10,Gen;1, Lt Gen;1,Maj Gen;1,Brig;1,Col;1,Lt Col;1,Maj;1,hon;1
f,51,Ms;100,Mrs;100,Princess;1,Dr;10,dr;10,Gen;1, Lt Gen;1,Maj Gen;1,Brig;1,Col;1,Lt Col;1,Maj;1,hon;1
f,52,Ms;100,Mrs;100,Princess;1,Dr;10,dr;10,Gen;1, Lt Gen;1,Maj Gen;1,Brig;1,Col;1,Lt Col;1,Maj;1,hon;1
f,53,Ms;100,Mrs;100,Princess;1,Dr;10,dr;10,Gen;1, Lt Gen;1,Maj Gen;1,Brig;1,Col;1,Lt Col;1,Maj;1,hon;1
f,54,Ms;100,Mrs;100,Princess;1,Dr;10,dr;10,Gen;1, Lt Gen;1,Maj Gen;1,Brig;1,Col;1,Lt Col;1,Maj;1,hon;1
f,55,Ms;100,Mrs;100,Princess;1,Dr;10,dr;10,Gen;1, Lt Gen;1,Maj Gen;1,Brig;1,Col;1,Lt Col;1,Maj;1,hon;1
f,56,Ms;100,Mrs;100,Princess;1,Dr;10,dr;10,Gen;1, Lt Gen;1,Maj Gen;1,Brig;1,Col;1,Lt Col;1,Maj;1,hon;1
f,57,Ms;100,Mrs;100,Princess;1,Dr;10,dr;10,Gen;1, Lt Gen;1,Maj Gen;1,Brig;1,Col;1,Lt Col;1,Maj;1,hon;1
f,58,Ms;100,Mrs;100,Princess;1,Dr;10,dr;10,Gen;1, Lt Gen;1,Maj Gen;1,Brig;1,Col;1,Lt Col;1,Maj;1,hon;1
f,59,Ms;100,Mrs;100,Princess;1,Dr;10,dr;10,Gen;1, Lt Gen;1,Maj Gen;1,Brig;1,Col;1,Lt Col;1,Maj;1,hon;1
f,60,Ms;100,Mrs;100,Princess;1,Dr;10,dr;10,Gen;1, Lt Gen;1,Maj Gen;1,Brig;1,Col;1,Lt Col;1,Maj;1,hon;1
f,61,Ms;100,Mrs;100,Princess;1,Dr;10,dr;10,Gen;1, Lt Gen;1,Maj Gen;1,Brig;1,Col;1,Lt Col;1,Maj;1,hon;1
f,62,Ms;100,Mrs;100,Princess;1,Dr;10,dr;10,Gen;1, Lt Gen;1,Maj Gen;1,Brig;1,Col;1,Lt Col;1,Maj;1,hon;1
f,63,Ms;100,Mrs;100,Princess;1,Dr;10,dr;10,Gen;1, Lt Gen;1,Maj Gen;1,Brig;1,Col;1,Lt Col;1,Maj;1,hon;1
f,64,Ms;100,Mrs;100,Princess;1,Dr;10,dr;10,Gen;1, Lt Gen;1,Maj Gen;1,Brig;1,Col;1,Lt Col;1,Maj;1,hon;1
f,65,Ms;100,Mrs;100,Princess;1,Dr;10,dr;10,Gen;1, Lt Gen;1,Maj Gen;1,Brig;1,Col;1,Lt Col;1,Maj;1,hon;1
f,66,Ms;100,Mrs;100,Princess;1,Dr;10,dr;10,hon;1
f,67,Ms;100,Mrs;100,Princess;1,Dr;10,dr;10,hon;1
f,68,Ms;100,Mrs;100,Princess;1,Dr;10,dr;10,hon;1
f,69,Ms;100,Mrs;100,Princess;1,Dr;10,dr;10,hon;1
f,70,Ms;100,Mrs;100,Princess;1,Dr;10,dr;10,hon;1
f,71,Ms;100,Mrs;100,Princess;1,Dr;10,dr;10,hon;1
f,72,Ms;100,Mrs;100,Princess;1,Dr;10,dr;10,hon;1
f,73,Ms;100,Mrs;100,Princess;1,Dr;10,dr;10,hon;1
f,74,Ms;100,Mrs;100,Princess;1,Dr;10,dr;10,hon;1
f,75,Ms;100,Mrs;100,Princess;1,Dr;10,dr;10,hon;1
f,76,Ms;100,Mrs;100,Princess;1,Dr;10,dr;10,hon;1
f,77,Ms;100,Mrs;100,Princess;1,Dr;10,dr;10,hon;1
f,78,Ms;100,Mrs;100,Princess;1,Dr;10,dr;10,hon;1
f,79,Ms;100,Mrs;100,Princess;1,Dr;10,dr;10,hon;1
f,80,Ms;100,Mrs;100,Princess;1,Dr;10,dr;10,hon;1
f,81,Ms;100,Mrs;100,Princess;1,Dr;10,dr;10,hon;1
f,82,Ms;100,Mrs;100,Princess;1,Dr;10,dr;10,hon;1
f,83,Ms;100,Mrs;100,Princess;1,Dr;10,dr;10,hon;1
f,84,Ms;100,Mrs;100,Princess;1,Dr;10,dr;10,hon;1
f,85,Ms;100,Mrs;100,Princess;1,Dr;10,dr;10,hon;1
f,86,Ms;100,Mrs;100,Princess;1,Dr;10,dr;10,hon;1
f,87,Ms;100,Mrs;100,Princess;1,Dr;10,dr;10,hon;1
f,88,Ms;100,Mrs;100,Princess;1,Dr;10,dr;10,hon;1
f,89,Ms;100,Mrs;100,Princess;1,Dr;10,dr;10,hon;1
f,90,Ms;100,Mrs;100,Princess;1,Dr;10,dr;10,hon;1
f,91,Ms;100,Mrs;100,Princess;1,Dr;10,dr;10,hon;1
f,92,Ms;100,Mrs;100,Princess;1,Dr;10,dr;10,hon;1
f,93,Ms;100,Mrs;100,Princess;1,Dr;10,dr;10,hon;1
f,94,Ms;100,Mrs;100,Princess;1,Dr;10,dr;10,hon;1
f,95,Ms;100,Mrs;100,Princess;1,Dr;10,dr;10,hon;1
f,96,Ms;100,Mrs;100,Princess;1,Dr;10,dr;10,hon;1
f,97,Ms;100,Mrs;100,Princess;1,Dr;10,dr;10,hon;1
f,98,Ms;100,Mrs;100,Princess;1,Dr;10,dr;10,hon;1
f,99,Ms;100,Mrs;100,Princess;1,Dr;10,dr;10,hon;1
f,100,Ms;100,Mrs;100,Princess;1,Dr;10,dr;10,hon;1
f,101,Ms;100,Mrs;100,Princess;1,Dr;10,dr;10,hon;1
f,102,Ms;100,Mrs;100,Princess;1,Dr;10,dr;10,hon;1
f,103,Ms;100,Mrs;100,Princess;1,Dr;10,dr;10,hon;1
f,104,Ms;100,Mrs;100,Princess;1,Dr;10,dr;10,hon;1
f,105,Ms;100,Mrs;100,Princess;1,Dr;10,dr;10,hon;1
f,106,Ms;100,Mrs;100,Princess;1,Dr;10,dr;10,hon;1
f,107,Ms;100,Mrs;100,Princess;1,Dr;10,dr;10,hon;1
f,108,Ms;100,Mrs;100,Princess;1,Dr;10,dr;10,hon;1
f,109,Ms;100,Mrs;100,Princess;1,Dr;10,dr;10,hon;1
f,110,Ms;100,Mrs;100,Princess;1,Dr;10,dr;10,hon;1
f,111,Ms;100,Mrs;100,Princess;1,Dr;10,dr;10,hon;1
f,112,Ms;100,Mrs;100,Princess;1,Dr;10,dr;10,hon;1
f,113,Ms;100,Mrs;100,Princess;1,Dr;10,dr;10,hon;1
f,114,Ms;100,Mrs;100,Princess;1,Dr;10,dr;10,hon;1
f,115,Ms;100,Mrs;100,Princess;1,Dr;10,dr;10,hon;1
f,116,Ms;100,Mrs;100,Princess;1,Dr;10,dr;10,hon;1
f,117,Ms;100,Mrs;100,Princess;1,Dr;10,dr;10,hon;1
f,118,Ms;100,Mrs;100,Princess;1,Dr;10,dr;10,hon;1
f,119,Ms;100,Mrs;100,Princess;1,Dr;10,dr;10,hon;1
f,120,Ms;100,Mrs;100,Princess;1,Dr;10,dr;10,hon;1
f,121,Ms;100,Mrs;100,Princess;1,Dr;10,dr;10,hon;1
f,122,Ms;100,Mrs;100,Princess;1,Dr;10,dr;10,hon;1
f,123,Ms;100,Mrs;100,Princess;1,Dr;10,dr;10,hon;1
f,124,Ms;100,Mrs;100,Princess;1,Dr;10,dr;10,hon;1
f,125,Ms;100,Mrs;100,Princess;1,Dr;10,dr;10,hon;1
